-- Seed data for showcase capabilities
-- This file populates the showcase tables with sample data

-- First, insert capability providers
INSERT INTO public.capability_providers (id, name, company, email, bio, website_url, verified, rating) VALUES
('550e8400-e29b-41d4-a716-446655440001', 'John Doe', 'AI Analytics Corp', 'john@aianalytics.com', 'AI research specialist with 10+ years in patent analysis', 'https://aianalytics.com', true, 4.8),
('550e8400-e29b-41d4-a716-446655440002', 'Sarah Chen', 'DataViz Solutions', 'sarah@dataviz.com', 'Data visualization expert and patent researcher', 'https://dataviz.com', true, 4.9),
('550e8400-e29b-41d4-a716-446655440003', 'Mike Rodriguez', 'NLP Innovations', 'mike@nlpinnovations.com', 'Natural Language Processing researcher focused on patent documents', 'https://nlpinnovations.com', true, 4.6),
('550e8400-e29b-41d4-a716-446655440004', 'Dr. Jennifer Liu', 'Patent Data Solutions', 'jennifer@patentdata.com', 'Patent data scientist with expertise in global patent databases', 'https://patentdata.com', true, 4.9),
('550e8400-e29b-41d4-a716-446655440005', 'Alex Thompson', 'TechTrend Analytics', 'alex@techtrend.com', 'Technology trend analyst specializing in emerging innovation patterns', 'https://techtrend.com', true, 4.7),
('550e8400-e29b-41d4-a716-446655440006', 'Dr. Maria Gonzalez', 'Innovation Insights Lab', 'maria@innovationlab.com', 'Innovation strategy consultant and patent landscape expert', 'https://innovationlab.com', true, 4.8);

-- Insert capabilities
INSERT INTO public.capabilities (
    id, name, description, long_description, category, type, provider_id,
    price_amount, price_currency, billing_type, free_trial_available, trial_duration,
    version, requirements, supported_data_types, estimated_run_time, output_types,
    total_runs, average_run_time, success_rate, user_rating, total_reviews,
    tags, allow_sharing, max_shares, is_active, is_published, is_featured
) VALUES
(
    '650e8400-e29b-41d4-a716-446655440001',
    'AI Patent Landscape Analyzer',
    'Comprehensive AI-powered patent landscape analysis with competitive intelligence',
    'Advanced machine learning tool that analyzes patent landscapes, identifies trends, and provides competitive intelligence insights. Uses state-of-the-art NLP and deep learning to process patent documents and extract meaningful patterns.',
    'ai',
    'ai-agent',
    '550e8400-e29b-41d4-a716-446655440001',
    29.99,
    'USD',
    'monthly',
    true,
    7,
    '2.1.0',
    ARRAY['Patent dataset', 'Minimum 100 patents'],
    ARRAY['Patent XML', 'Patent JSON', 'CSV'],
    '5-15 minutes',
    ARRAY['Analysis Report', 'Trend Dashboard', 'Competitive Matrix'],
    1247,
    8.5,
    0.96,
    4.8,
    156,
    ARRAY['AI', 'Analytics', 'Competitive Intelligence', 'Machine Learning'],
    true,
    5,
    true,
    true,
    true
),
(
    '650e8400-e29b-41d4-a716-446655440002',
    'Patent Citation Network Mapper',
    'Visualize and analyze patent citation networks with interactive graphs',
    'Create interactive citation network visualizations to understand patent relationships and influence. Features advanced graph algorithms and beautiful interactive visualizations.',
    'visualization',
    'tool',
    '550e8400-e29b-41d4-a716-446655440002',
    49.99,
    'USD',
    'one-time',
    false,
    0,
    '1.5.2',
    ARRAY['Citation data', 'Minimum 50 patents'],
    ARRAY['Patent JSON', 'Citation CSV'],
    '2-5 minutes',
    ARRAY['Interactive Graph', 'Network Statistics', 'Influence Report'],
    892,
    3.2,
    0.98,
    4.9,
    89,
    ARRAY['Visualization', 'Citations', 'Network Analysis', 'Interactive'],
    true,
    3,
    true,
    true,
    false
),
(
    '650e8400-e29b-41d4-a716-446655440003',
    'Automated Patent Summarizer',
    'AI-powered automatic summarization of patent documents',
    'Uses advanced NLP to create concise, accurate summaries of patent documents. Employs transformer models fine-tuned on patent literature for optimal results.',
    'ai',
    'ai-agent',
    '550e8400-e29b-41d4-a716-446655440003',
    19.99,
    'USD',
    'per-use',
    true,
    3,
    '3.0.1',
    ARRAY['Patent text', 'Full patent document'],
    ARRAY['Patent PDF', 'Patent XML', 'Plain Text'],
    '30 seconds - 2 minutes',
    ARRAY['Summary Report', 'Key Points', 'Technical Abstract'],
    2156,
    1.1,
    0.94,
    4.6,
    203,
    ARRAY['AI', 'NLP', 'Summarization', 'Text Processing'],
    false,
    0,
    true,
    true,
    false
),
(
    '650e8400-e29b-41d4-a716-446655440004',
    'Global Patent Dataset Explorer',
    'Comprehensive dataset of global patent filings with advanced filtering',
    'Access to 50M+ patent records from major patent offices worldwide with sophisticated search and filtering capabilities. Real-time updates and comprehensive metadata.',
    'search',
    'tool',
    '550e8400-e29b-41d4-a716-446655440004',
    149.99,
    'USD',
    'monthly',
    true,
    14,
    '4.2.1',
    ARRAY['None'],
    ARRAY['JSON', 'CSV', 'XML', 'Excel'],
    'Real-time access',
    ARRAY['Patent Dataset', 'Filtered Results', 'Export Files'],
    3842,
    0.5,
    0.99,
    4.9,
    287,
    ARRAY['Dataset', 'Global', 'Search', 'Patents', 'Database'],
    true,
    10,
    true,
    true,
    true
),
(
    '650e8400-e29b-41d4-a716-446655440005',
    'Technology Trends Report Generator',
    'Automated reports on emerging technology trends from patent analysis',
    'Generate comprehensive trend reports combining patent data with market intelligence and expert analysis. Includes predictive modeling and opportunity identification.',
    'analysis',
    'tool',
    '550e8400-e29b-41d4-a716-446655440005',
    79.99,
    'USD',
    'one-time',
    true,
    7,
    '2.8.0',
    ARRAY['Patent data', 'Technology sector selection'],
    ARRAY['Patent JSON', 'Market Data'],
    '10-30 minutes',
    ARRAY['Trend Report', 'Executive Summary', 'Data Visualizations'],
    1567,
    18.5,
    0.92,
    4.7,
    143,
    ARRAY['Reports', 'Trends', 'Technology', 'Analysis', 'Market Intelligence'],
    true,
    5,
    true,
    true,
    false
),
(
    '650e8400-e29b-41d4-a716-446655440006',
    'Deep Dive Innovation Analyzer',
    'Comprehensive deep-dive analysis of innovation patterns and opportunities',
    'Advanced analytical tool that performs deep-dive analysis of innovation landscapes, identifying white spaces and emerging opportunities. Uses proprietary algorithms for strategic insights.',
    'analysis',
    'ai-agent',
    '550e8400-e29b-41d4-a716-446655440006',
    199.99,
    'USD',
    'per-use',
    true,
    3,
    '1.4.2',
    ARRAY['Patent portfolio', 'Market data'],
    ARRAY['Patent JSON', 'Market CSV', 'Company Data'],
    '45-90 minutes',
    ARRAY['Deep Analysis Report', 'Opportunity Map', 'Strategic Recommendations'],
    234,
    67.2,
    0.89,
    4.8,
    45,
    ARRAY['Deep Dive', 'Innovation', 'Analysis', 'AI', 'Strategy'],
    true,
    3,
    true,
    true,
    false
),
(
    '650e8400-e29b-41d4-a716-446655440007',
    'Patent Classification Assistant',
    'AI-powered automatic patent classification using IPC/CPC codes',
    'Automatically classify patents using International Patent Classification (IPC) and Cooperative Patent Classification (CPC) systems. High accuracy ML models trained on millions of patents.',
    'ai',
    'ai-agent',
    '550e8400-e29b-41d4-a716-446655440001',
    39.99,
    'USD',
    'monthly',
    true,
    5,
    '1.2.3',
    ARRAY['Patent text or abstract'],
    ARRAY['Patent PDF', 'Patent XML', 'Plain Text'],
    '1-3 minutes',
    ARRAY['Classification Report', 'Confidence Scores', 'Similar Patents'],
    1823,
    2.1,
    0.93,
    4.5,
    178,
    ARRAY['AI', 'Classification', 'IPC', 'CPC', 'Automation'],
    true,
    5,
    true,
    true,
    false
),
(
    '650e8400-e29b-41d4-a716-446655440008',
    'Competitive Intelligence Dashboard',
    'Real-time competitive intelligence dashboard for patent monitoring',
    'Monitor competitor patent activities in real-time with customizable alerts and comprehensive analytics. Track filing trends, key inventors, and technology focus areas.',
    'visualization',
    'dashboard',
    '550e8400-e29b-41d4-a716-446655440002',
    89.99,
    'USD',
    'monthly',
    true,
    10,
    '3.1.0',
    ARRAY['Competitor list', 'Technology domains'],
    ARRAY['Patent JSON', 'Company data'],
    'Real-time updates',
    ARRAY['Interactive Dashboard', 'Alert System', 'Trend Charts'],
    567,
    0.0,
    0.97,
    4.6,
    89,
    ARRAY['Competitive Intelligence', 'Dashboard', 'Monitoring', 'Real-time'],
    true,
    8,
    true,
    true,
    true
);

-- Insert capability parameters
INSERT INTO public.capability_parameters (
    id, capability_id, name, label, type, required, default_value, options, validation, description, help_text, sort_order
) VALUES
-- AI Patent Landscape Analyzer parameters
('750e8400-e29b-41d4-a716-446655440001', '650e8400-e29b-41d4-a716-446655440001', 'analysis_depth', 'Analysis Depth', 'select', true, 'detailed', '[{"value": "basic", "label": "Basic Analysis"}, {"value": "detailed", "label": "Detailed Analysis"}, {"value": "comprehensive", "label": "Comprehensive Analysis"}]', '{}', 'Level of analysis depth', 'Choose how deep the analysis should go', 1),
('750e8400-e29b-41d4-a716-446655440002', '650e8400-e29b-41d4-a716-446655440001', 'include_competitors', 'Include Competitor Analysis', 'boolean', false, 'true', '[]', '{}', 'Include competitive intelligence', 'Analyze competitor patent portfolios', 2),

-- Citation Network Mapper parameters
('750e8400-e29b-41d4-a716-446655440003', '650e8400-e29b-41d4-a716-446655440002', 'layout_type', 'Graph Layout', 'select', true, 'force', '[{"value": "force", "label": "Force-Directed"}, {"value": "circular", "label": "Circular"}, {"value": "hierarchical", "label": "Hierarchical"}]', '{}', 'Graph layout algorithm', 'Choose visualization layout style', 1),

-- Patent Summarizer parameters
('750e8400-e29b-41d4-a716-446655440004', '650e8400-e29b-41d4-a716-446655440003', 'summary_length', 'Summary Length', 'select', true, 'medium', '[{"value": "short", "label": "Short (50-100 words)"}, {"value": "medium", "label": "Medium (100-200 words)"}, {"value": "long", "label": "Long (200-300 words)"}]', '{}', 'Desired summary length', 'Choose summary length preference', 1),

-- Technology Trends Report Generator parameters
('750e8400-e29b-41d4-a716-446655440005', '650e8400-e29b-41d4-a716-446655440005', 'tech_sector', 'Technology Sector', 'select', true, 'ai-ml', '[{"value": "ai-ml", "label": "AI & Machine Learning"}, {"value": "biotech", "label": "Biotechnology"}, {"value": "clean-energy", "label": "Clean Energy"}, {"value": "semiconductors", "label": "Semiconductors"}]', '{}', 'Focus sector for trend analysis', 'Select primary technology sector', 1),

-- Deep Dive Innovation Analyzer parameters
('750e8400-e29b-41d4-a716-446655440006', '650e8400-e29b-41d4-a716-446655440006', 'analysis_scope', 'Analysis Scope', 'select', true, 'technology', '[{"value": "company", "label": "Company Focus"}, {"value": "technology", "label": "Technology Focus"}, {"value": "market", "label": "Market Focus"}]', '{}', 'Primary scope of analysis', 'Choose analysis focus area', 1),

-- Patent Classification Assistant parameters
('750e8400-e29b-41d4-a716-446655440007', '650e8400-e29b-41d4-a716-446655440007', 'classification_system', 'Classification System', 'select', true, 'both', '[{"value": "ipc", "label": "IPC Only"}, {"value": "cpc", "label": "CPC Only"}, {"value": "both", "label": "Both IPC & CPC"}]', '{}', 'Which classification system to use', 'Select patent classification system preference', 1),
('750e8400-e29b-41d4-a716-446655440008', '650e8400-e29b-41d4-a716-446655440007', 'confidence_threshold', 'Minimum Confidence', 'number', false, '0.8', '[]', '{"min": 0.1, "max": 1.0}', 'Minimum confidence score for classifications', 'Set threshold for classification confidence (0.1 to 1.0)', 2),

-- Competitive Intelligence Dashboard parameters
('750e8400-e29b-41d4-a716-446655440009', '650e8400-e29b-41d4-a716-446655440008', 'update_frequency', 'Update Frequency', 'select', true, 'daily', '[{"value": "realtime", "label": "Real-time"}, {"value": "hourly", "label": "Hourly"}, {"value": "daily", "label": "Daily"}, {"value": "weekly", "label": "Weekly"}]', '{}', 'How often to update the dashboard', 'Choose dashboard update frequency', 1),
('750e8400-e29b-41d4-a716-446655440010', '650e8400-e29b-41d4-a716-446655440008', 'alert_threshold', 'Alert Threshold', 'number', false, '5', '[]', '{"min": 1, "max": 100}', 'Minimum number of new patents to trigger alert', 'Set minimum patents for competitor alerts', 2);

-- Insert some sample reviews
INSERT INTO public.capability_reviews (capability_id, user_id, rating, title, review, verified_purchase) VALUES
('650e8400-e29b-41d4-a716-446655440001', (SELECT id FROM public.users LIMIT 1), 5, 'Excellent AI Analysis Tool', 'This tool has revolutionized our patent research process. The AI insights are incredibly accurate and save us hours of manual work.', true),
('650e8400-e29b-41d4-a716-446655440002', (SELECT id FROM public.users LIMIT 1), 5, 'Beautiful Visualizations', 'The citation network graphs are stunning and provide immediate insights into patent relationships. Highly recommended!', true),
('650e8400-e29b-41d4-a716-446655440004', (SELECT id FROM public.users LIMIT 1), 5, 'Comprehensive Dataset', 'The most complete patent dataset I have used. Search functionality is fast and accurate. Worth every penny.', true);

-- Update search vectors for all capabilities
UPDATE public.capabilities SET updated_at = NOW() WHERE id IS NOT NULL;